<?xml version="1.0" encoding="UTF-8"?>
<metadata xml:lang="en"><Esri><CreaDate>20160505</CreaDate><CreaTime>22063100</CreaTime><SyncOnce>FALSE</SyncOnce><SyncDate>20110826</SyncDate><SyncTime>10324900</SyncTime><ModDate>20110826</ModDate><ModTime>10324900</ModTime><DataProperties><lineage><Process ToolSource="C:\Program Files\ArcGIS\ArcToolbox\Toolboxes\Data Management Tools.tbx\CopyFeatures" Date="20090727" Time="122423" Name="" export="">CopyFeatures C:\ALL_SCHOOLS_2010.shp "Database Connections\DEVELOPMENT-DVSQL02-ARC_SDE.sde\ARC_SDE.SDE.schools_2010\ARC_SDE.SDE.ALL_SCHOOLS_2010" # 0 0 0</Process><Process ToolSource="C:\Program Files\ArcGIS\ArcToolbox\Toolboxes\Conversion Tools.tbx\FeatureClassToFeatureClass" Date="20100722" Time="144057" Name="" export="">FeatureClassToFeatureClass "C:\GIS\NEW SCHOOLS 2010\July_2010\All_Schools_July2010.shp" "Database Connections\User@LocalGIS_335DPC299.sde\LocalGIS.DBO.Schools" All_Schools_July2010 # "OBJECTID 'OBJECTID' true true false 10 Double 0 10 ,First,#,C:\GIS\NEW SCHOOLS 2010\July_2010\All_Schools_July2010.shp,OBJECTID,-1,-1;RECORDID 'RECORDID' true true false 10 Double 0 10 ,First,#,C:\GIS\NEW SCHOOLS 2010\July_2010\All_Schools_July2010.shp,RECORDID,-1,-1;ATS_CODE 'ATS_CODE' true true false 26 Text 0 0 ,First,#,C:\GIS\NEW SCHOOLS 2010\July_2010\All_Schools_July2010.shp,ATS_CODE,-1,-1;BORO 'BORO' true true false 20 Text 0 0 ,First,#,C:\GIS\NEW SCHOOLS 2010\July_2010\All_Schools_July2010.shp,BORO,-1,-1;BORONUM 'BORONUM' true true false 19 Double 0 19 ,First,#,C:\GIS\NEW SCHOOLS 2010\July_2010\All_Schools_July2010.shp,BORONUM,-1,-1;LOC_CODE 'LOC_CODE' true true false 13 Text 0 0 ,First,#,C:\GIS\NEW SCHOOLS 2010\July_2010\All_Schools_July2010.shp,LOC_CODE,-1,-1;SCHOOLNAME 'SCHOOLNAME' true true false 61 Text 0 0 ,First,#,C:\GIS\NEW SCHOOLS 2010\July_2010\All_Schools_July2010.shp,SCHOOLNAME,-1,-1;SCH_TYPE 'SCH_TYPE' true true false 31 Text 0 0 ,First,#,C:\GIS\NEW SCHOOLS 2010\July_2010\All_Schools_July2010.shp,SCH_TYPE,-1,-1;MANAGED_BY 'MANAGED_BY' true true false 14 Double 0 14 ,First,#,C:\GIS\NEW SCHOOLS 2010\July_2010\All_Schools_July2010.shp,MANAGED_BY,-1,-1;GEO_DISTRI 'GEO_DISTRI' true true false 10 Double 0 10 ,First,#,C:\GIS\NEW SCHOOLS 2010\July_2010\All_Schools_July2010.shp,GEO_DISTRI,-1,-1;ADMIN_DIST 'ADMIN_DIST' true true false 12 Double 0 12 ,First,#,C:\GIS\NEW SCHOOLS 2010\July_2010\All_Schools_July2010.shp,ADMIN_DIST,-1,-1;ADDRESS 'ADDRESS' true true false 37 Text 0 0 ,First,#,C:\GIS\NEW SCHOOLS 2010\July_2010\All_Schools_July2010.shp,ADDRESS,-1,-1;STATE_CODE 'STATE_CODE' true true false 13 Text 0 0 ,First,#,C:\GIS\NEW SCHOOLS 2010\July_2010\All_Schools_July2010.shp,STATE_CODE,-1,-1;ZIP 'ZIP' true true false 10 Double 0 10 ,First,#,C:\GIS\NEW SCHOOLS 2010\July_2010\All_Schools_July2010.shp,ZIP,-1,-1;PRINCIPAL 'PRINCIPAL' true true false 27 Text 0 0 ,First,#,C:\GIS\NEW SCHOOLS 2010\July_2010\All_Schools_July2010.shp,PRINCIPAL,-1,-1;PRIN_PH 'PRIN_PH' true true false 24 Text 0 0 ,First,#,C:\GIS\NEW SCHOOLS 2010\July_2010\All_Schools_July2010.shp,PRIN_PH,-1,-1;FAX 'FAX' true true false 13 Text 0 0 ,First,#,C:\GIS\NEW SCHOOLS 2010\July_2010\All_Schools_July2010.shp,FAX,-1,-1;GRADES 'GRADES' true true false 70 Text 0 0 ,First,#,C:\GIS\NEW SCHOOLS 2010\July_2010\All_Schools_July2010.shp,GRADES,-1,-1;SSOCODE 'SSOCODE' true true false 10 Text 0 0 ,First,#,C:\GIS\NEW SCHOOLS 2010\July_2010\All_Schools_July2010.shp,SSOCODE,-1,-1;ISC_CODE 'ISC_CODE' true true false 10 Double 0 10 ,First,#,C:\GIS\NEW SCHOOLS 2010\July_2010\All_Schools_July2010.shp,ISC_CODE,-1,-1;STATUS 'STATUS' true true false 8 Text 0 0 ,First,#,C:\GIS\NEW SCHOOLS 2010\July_2010\All_Schools_July2010.shp,STATUS,-1,-1;City 'City' true true false 50 Text 0 0 ,First,#,C:\GIS\NEW SCHOOLS 2010\July_2010\All_Schools_July2010.shp,City,-1,-1" # "Database Connections\User@LocalGIS_335DPC299.sde\LocalGIS.DBO.Schools\LocalGIS.DBO.All_Schools_July2010"</Process><Process ToolSource="C:\Program Files\ArcGIS\ArcToolbox\Toolboxes\Conversion Tools.tbx\FeatureClassToFeatureClass" Date="20100805" Time="132943" Name="" export="">FeatureClassToFeatureClass "C:\GIS\NEW SCHOOLS 2010\July_2010\All_Schools_July2010.shp" "Database Connections\UserDirect_LocalGIS.sde\LocalGIS.DBO.Schools" All_Schools_July2010 # "OBJECTID_1 'OBJECTID_1' true true false 10 Double 0 10 ,First,#,C:\GIS\NEW SCHOOLS 2010\July_2010\All_Schools_July2010.shp,OBJECTID_1,-1,-1;OBJECTID 'OBJECTID' true true false 10 Double 0 10 ,First,#,C:\GIS\NEW SCHOOLS 2010\July_2010\All_Schools_July2010.shp,OBJECTID,-1,-1;RECORDID 'RECORDID' true true false 10 Double 0 10 ,First,#,C:\GIS\NEW SCHOOLS 2010\July_2010\All_Schools_July2010.shp,RECORDID,-1,-1;ATS_CODE 'ATS_CODE' true true false 26 Text 0 0 ,First,#,C:\GIS\NEW SCHOOLS 2010\July_2010\All_Schools_July2010.shp,ATS_CODE,-1,-1;BORO 'BORO' true true false 20 Text 0 0 ,First,#,C:\GIS\NEW SCHOOLS 2010\July_2010\All_Schools_July2010.shp,BORO,-1,-1;BORONUM 'BORONUM' true true false 19 Double 0 19 ,First,#,C:\GIS\NEW SCHOOLS 2010\July_2010\All_Schools_July2010.shp,BORONUM,-1,-1;LOC_CODE 'LOC_CODE' true true false 13 Text 0 0 ,First,#,C:\GIS\NEW SCHOOLS 2010\July_2010\All_Schools_July2010.shp,LOC_CODE,-1,-1;SCHOOLNAME 'SCHOOLNAME' true true false 61 Text 0 0 ,First,#,C:\GIS\NEW SCHOOLS 2010\July_2010\All_Schools_July2010.shp,SCHOOLNAME,-1,-1;SCH_TYPE 'SCH_TYPE' true true false 31 Text 0 0 ,First,#,C:\GIS\NEW SCHOOLS 2010\July_2010\All_Schools_July2010.shp,SCH_TYPE,-1,-1;MANAGED_BY 'MANAGED_BY' true true false 14 Double 0 14 ,First,#,C:\GIS\NEW SCHOOLS 2010\July_2010\All_Schools_July2010.shp,MANAGED_BY,-1,-1;GEO_DISTRI 'GEO_DISTRI' true true false 10 Double 0 10 ,First,#,C:\GIS\NEW SCHOOLS 2010\July_2010\All_Schools_July2010.shp,GEO_DISTRI,-1,-1;ADMIN_DIST 'ADMIN_DIST' true true false 12 Double 0 12 ,First,#,C:\GIS\NEW SCHOOLS 2010\July_2010\All_Schools_July2010.shp,ADMIN_DIST,-1,-1;ADDRESS 'ADDRESS' true true false 37 Text 0 0 ,First,#,C:\GIS\NEW SCHOOLS 2010\July_2010\All_Schools_July2010.shp,ADDRESS,-1,-1;STATE_CODE 'STATE_CODE' true true false 13 Text 0 0 ,First,#,C:\GIS\NEW SCHOOLS 2010\July_2010\All_Schools_July2010.shp,STATE_CODE,-1,-1;ZIP 'ZIP' true true false 10 Double 0 10 ,First,#,C:\GIS\NEW SCHOOLS 2010\July_2010\All_Schools_July2010.shp,ZIP,-1,-1;PRINCIPAL 'PRINCIPAL' true true false 27 Text 0 0 ,First,#,C:\GIS\NEW SCHOOLS 2010\July_2010\All_Schools_July2010.shp,PRINCIPAL,-1,-1;PRIN_PH 'PRIN_PH' true true false 24 Text 0 0 ,First,#,C:\GIS\NEW SCHOOLS 2010\July_2010\All_Schools_July2010.shp,PRIN_PH,-1,-1;FAX 'FAX' true true false 13 Text 0 0 ,First,#,C:\GIS\NEW SCHOOLS 2010\July_2010\All_Schools_July2010.shp,FAX,-1,-1;GRADES 'GRADES' true true false 70 Text 0 0 ,First,#,C:\GIS\NEW SCHOOLS 2010\July_2010\All_Schools_July2010.shp,GRADES,-1,-1;SSOCODE 'SSOCODE' true true false 10 Text 0 0 ,First,#,C:\GIS\NEW SCHOOLS 2010\July_2010\All_Schools_July2010.shp,SSOCODE,-1,-1;ISC_CODE 'ISC_CODE' true true false 10 Double 0 10 ,First,#,C:\GIS\NEW SCHOOLS 2010\July_2010\All_Schools_July2010.shp,ISC_CODE,-1,-1;STATUS 'STATUS' true true false 8 Text 0 0 ,First,#,C:\GIS\NEW SCHOOLS 2010\July_2010\All_Schools_July2010.shp,STATUS,-1,-1;City 'City' true true false 50 Text 0 0 ,First,#,C:\GIS\NEW SCHOOLS 2010\July_2010\All_Schools_July2010.shp,City,-1,-1" # "Database Connections\UserDirect_LocalGIS.sde\LocalGIS.DBO.Schools\LocalGIS.DBO.All_Schools_July2010"</Process><Process ToolSource="C:\Program Files\ArcGIS\ArcToolbox\Toolboxes\Data Management Tools.tbx\DeleteFeatures" Date="20100811" Time="132019" Name="" export="">DeleteFeatures "Database Connections\UserDirect_LocalGIS.sde\LocalGIS.DBO.Schools\LocalGIS.DBO.All_Schools_July2010" "Database Connections\UserDirect_LocalGIS.sde\LocalGIS.DBO.Schools\LocalGIS.DBO.All_Schools_July2010"</Process><Process ToolSource="C:\Program Files\ArcGIS\ArcToolbox\Toolboxes\Conversion Tools.tbx\FeatureClassToFeatureClass" Date="20100811" Time="184848" Name="" export="">FeatureClassToFeatureClass "Database Connections\UserDirect_LocalGIS.sde\LocalGIS.DBO.Schools\LocalGIS.DBO.All_Schools_July2010" "C:\GIS\NEW SCHOOLS 2010\July_2010" All_Schools_July2010.shp # "OBJECTID_1 'OBJECTID_1' true true false 8 Double 0 10 ,First,#,Database Connections\UserDirect_LocalGIS.sde\LocalGIS.DBO.Schools\LocalGIS.DBO.All_Schools_July2010,OBJECTID_1,-1,-1;OBJECTID 'OBJECTID' true true false 8 Double 0 10 ,First,#,Database Connections\UserDirect_LocalGIS.sde\LocalGIS.DBO.Schools\LocalGIS.DBO.All_Schools_July2010,OBJECTID,-1,-1;RECORDID 'RECORDID' true true false 8 Double 0 10 ,First,#,Database Connections\UserDirect_LocalGIS.sde\LocalGIS.DBO.Schools\LocalGIS.DBO.All_Schools_July2010,RECORDID,-1,-1;ATS_CODE 'ATS_CODE' true true false 26 Text 0 0 ,First,#,Database Connections\UserDirect_LocalGIS.sde\LocalGIS.DBO.Schools\LocalGIS.DBO.All_Schools_July2010,ATS_CODE,-1,-1;BORO 'BORO' true true false 20 Text 0 0 ,First,#,Database Connections\UserDirect_LocalGIS.sde\LocalGIS.DBO.Schools\LocalGIS.DBO.All_Schools_July2010,BORO,-1,-1;BORONUM 'BORONUM' true true false 8 Double 0 19 ,First,#,Database Connections\UserDirect_LocalGIS.sde\LocalGIS.DBO.Schools\LocalGIS.DBO.All_Schools_July2010,BORONUM,-1,-1;LOC_CODE 'LOC_CODE' true true false 13 Text 0 0 ,First,#,Database Connections\UserDirect_LocalGIS.sde\LocalGIS.DBO.Schools\LocalGIS.DBO.All_Schools_July2010,LOC_CODE,-1,-1;SCHOOLNAME 'SCHOOLNAME' true true false 61 Text 0 0 ,First,#,Database Connections\UserDirect_LocalGIS.sde\LocalGIS.DBO.Schools\LocalGIS.DBO.All_Schools_July2010,SCHOOLNAME,-1,-1;SCH_TYPE 'SCH_TYPE' true true false 31 Text 0 0 ,First,#,Database Connections\UserDirect_LocalGIS.sde\LocalGIS.DBO.Schools\LocalGIS.DBO.All_Schools_July2010,SCH_TYPE,-1,-1;MANAGED_BY 'MANAGED_BY' true true false 8 Double 0 14 ,First,#,Database Connections\UserDirect_LocalGIS.sde\LocalGIS.DBO.Schools\LocalGIS.DBO.All_Schools_July2010,MANAGED_BY,-1,-1;GEO_DISTRI 'GEO_DISTRI' true true false 8 Double 0 10 ,First,#,Database Connections\UserDirect_LocalGIS.sde\LocalGIS.DBO.Schools\LocalGIS.DBO.All_Schools_July2010,GEO_DISTRI,-1,-1;ADMIN_DIST 'ADMIN_DIST' true true false 8 Double 0 12 ,First,#,Database Connections\UserDirect_LocalGIS.sde\LocalGIS.DBO.Schools\LocalGIS.DBO.All_Schools_July2010,ADMIN_DIST,-1,-1;ADDRESS 'ADDRESS' true true false 37 Text 0 0 ,First,#,Database Connections\UserDirect_LocalGIS.sde\LocalGIS.DBO.Schools\LocalGIS.DBO.All_Schools_July2010,ADDRESS,-1,-1;STATE_CODE 'STATE_CODE' true true false 13 Text 0 0 ,First,#,Database Connections\UserDirect_LocalGIS.sde\LocalGIS.DBO.Schools\LocalGIS.DBO.All_Schools_July2010,STATE_CODE,-1,-1;ZIP 'ZIP' true true false 8 Double 0 10 ,First,#,Database Connections\UserDirect_LocalGIS.sde\LocalGIS.DBO.Schools\LocalGIS.DBO.All_Schools_July2010,ZIP,-1,-1;PRINCIPAL 'PRINCIPAL' true true false 27 Text 0 0 ,First,#,Database Connections\UserDirect_LocalGIS.sde\LocalGIS.DBO.Schools\LocalGIS.DBO.All_Schools_July2010,PRINCIPAL,-1,-1;PRIN_PH 'PRIN_PH' true true false 24 Text 0 0 ,First,#,Database Connections\UserDirect_LocalGIS.sde\LocalGIS.DBO.Schools\LocalGIS.DBO.All_Schools_July2010,PRIN_PH,-1,-1;FAX 'FAX' true true false 13 Text 0 0 ,First,#,Database Connections\UserDirect_LocalGIS.sde\LocalGIS.DBO.Schools\LocalGIS.DBO.All_Schools_July2010,FAX,-1,-1;GRADES 'GRADES' true true false 70 Text 0 0 ,First,#,Database Connections\UserDirect_LocalGIS.sde\LocalGIS.DBO.Schools\LocalGIS.DBO.All_Schools_July2010,GRADES,-1,-1;SSOCODE 'SSOCODE' true true false 10 Text 0 0 ,First,#,Database Connections\UserDirect_LocalGIS.sde\LocalGIS.DBO.Schools\LocalGIS.DBO.All_Schools_July2010,SSOCODE,-1,-1;ISC_CODE 'ISC_CODE' true true false 8 Double 0 10 ,First,#,Database Connections\UserDirect_LocalGIS.sde\LocalGIS.DBO.Schools\LocalGIS.DBO.All_Schools_July2010,ISC_CODE,-1,-1;STATUS 'STATUS' true true false 8 Text 0 0 ,First,#,Database Connections\UserDirect_LocalGIS.sde\LocalGIS.DBO.Schools\LocalGIS.DBO.All_Schools_July2010,STATUS,-1,-1;City 'City' true true false 50 Text 0 0 ,First,#,Database Connections\UserDirect_LocalGIS.sde\LocalGIS.DBO.Schools\LocalGIS.DBO.All_Schools_July2010,City,-1,-1" # "C:\GIS\NEW SCHOOLS 2010\July_2010\All_Schools_July2010.shp"</Process><Process ToolSource="C:\Program Files\ArcGIS\Desktop10.0\ArcToolbox\Toolboxes\Data Management Tools.tbx\DeleteField" Date="20110826" Time="103014">DeleteField C:\GIS\Archive\Export_8_2011\Public_Schools_Points_2011-2012A.shp OBJECTID_1;OBJECTID;RECORDID;SSOCODE;ISC_CODE;STATUS</Process></lineage><itemProps><itemLocation><linkage Sync="TRUE">file://\\335DPC299\C$\GIS\Archive\Export_8_2011\Public_Schools_Points_2011-2012A.shp</linkage><protocol Sync="TRUE">Local Area Network</protocol></itemLocation><itemName Sync="TRUE">Public_Schools_Points_2011-2012A</itemName><imsContentType Sync="TRUE">002</imsContentType><nativeExtBox><westBL Sync="TRUE">916394.981356</westBL><eastBL Sync="TRUE">1085824.769935</eastBL><southBL Sync="TRUE">124478.715268</southBL><northBL Sync="TRUE">283328.477028</northBL><exTypeCode Sync="TRUE">1</exTypeCode></nativeExtBox><itemSize Sync="TRUE">0.046</itemSize></itemProps><copyHistory><copy source="C:\GIS\editing\All_Schools_Editing_Master" dest="\\335DPC299\C$\GIS\Archive\Export_8_2011\All_Schools_Editing_Master" date="20110826" time="10113600"/></copyHistory><coordRef><type Sync="TRUE">Projected</type><geogcsn Sync="TRUE">GCS_North_American_1983</geogcsn><projcsn Sync="TRUE">NAD_1983_StatePlane_New_York_Long_Island_FIPS_3104_Feet</projcsn><peXml Sync="TRUE">&lt;ProjectedCoordinateSystem xsi:type='typens:ProjectedCoordinateSystem' xmlns:xsi='http://www.w3.org/2001/XMLSchema-instance' xmlns:xs='http://www.w3.org/2001/XMLSchema' xmlns:typens='http://www.esri.com/schemas/ArcGIS/10.0'&gt;&lt;WKT&gt;PROJCS[&amp;quot;NAD_1983_StatePlane_New_York_Long_Island_FIPS_3104_Feet&amp;quot;,GEOGCS[&amp;quot;GCS_North_American_1983&amp;quot;,DATUM[&amp;quot;D_North_American_1983&amp;quot;,SPHEROID[&amp;quot;GRS_1980&amp;quot;,6378137.0,298.257222101]],PRIMEM[&amp;quot;Greenwich&amp;quot;,0.0],UNIT[&amp;quot;Degree&amp;quot;,0.0174532925199433]],PROJECTION[&amp;quot;Lambert_Conformal_Conic&amp;quot;],PARAMETER[&amp;quot;False_Easting&amp;quot;,984250.0],PARAMETER[&amp;quot;False_Northing&amp;quot;,0.0],PARAMETER[&amp;quot;Central_Meridian&amp;quot;,-74.0],PARAMETER[&amp;quot;Standard_Parallel_1&amp;quot;,40.66666666666666],PARAMETER[&amp;quot;Standard_Parallel_2&amp;quot;,41.03333333333333],PARAMETER[&amp;quot;Latitude_Of_Origin&amp;quot;,40.16666666666666],UNIT[&amp;quot;Foot_US&amp;quot;,0.3048006096012192],AUTHORITY[&amp;quot;EPSG&amp;quot;,2263]]&lt;/WKT&gt;&lt;XOrigin&gt;-120039300&lt;/XOrigin&gt;&lt;YOrigin&gt;-96540300&lt;/YOrigin&gt;&lt;XYScale&gt;37212589.015695661&lt;/XYScale&gt;&lt;ZOrigin&gt;-100000&lt;/ZOrigin&gt;&lt;ZScale&gt;10000&lt;/ZScale&gt;&lt;MOrigin&gt;-100000&lt;/MOrigin&gt;&lt;MScale&gt;10000&lt;/MScale&gt;&lt;XYTolerance&gt;0.0032808333333333335&lt;/XYTolerance&gt;&lt;ZTolerance&gt;0.001&lt;/ZTolerance&gt;&lt;MTolerance&gt;0.001&lt;/MTolerance&gt;&lt;HighPrecision&gt;true&lt;/HighPrecision&gt;&lt;WKID&gt;2263&lt;/WKID&gt;&lt;/ProjectedCoordinateSystem&gt;</peXml></coordRef></DataProperties><ArcGISFormat>1.0</ArcGISFormat><ArcGISstyle>ISO 19139 Metadata Implementation Specification</ArcGISstyle><ArcGISProfile>ISO19139</ArcGISProfile></Esri><mdLang><languageCode value="en"/></mdLang><mdHrLv><ScopeCd value="005"/></mdHrLv><mdContact><rpIndName>Jim Hall</rpIndName><rpOrgName>NYC Department of Education</rpOrgName><rpPosName>GIS Programmer Analyst</rpPosName><rpCntInfo><cntAddress><eMailAdd>jhall@schools.nyc.gov</eMailAdd></cntAddress><cntOnlineRes><linkage>http://www.nyc.gov/html/datamine/html/home/home.shtml</linkage><orDesc>Government Data Download Site</orDesc><orFunct><OnFunctCd value="001"/></orFunct></cntOnlineRes></rpCntInfo><role><RoleCd value="007"/></role></mdContact><distInfo><distributor><distorCont><rpIndName>Jim Hall</rpIndName><rpOrgName>NYC Department of Education</rpOrgName><rpPosName>GIS Programmer Analyst</rpPosName><rpCntInfo><cntAddress><eMailAdd>jhall@schools.nyc.gov</eMailAdd></cntAddress></rpCntInfo><role><RoleCd value="005"/></role></distorCont></distributor><distFormat><formatVer>2011-2012</formatVer><formatAmdNum>A</formatAmdNum><formatName Sync="TRUE">Shapefile</formatName></distFormat><distTranOps><transSize Sync="TRUE">0.046</transSize></distTranOps></distInfo><dataIdInfo><dataExt><geoEle><GeoBndBox esriExtentType="search"><westBL Sync="TRUE">-74.245615</westBL><eastBL Sync="TRUE">-73.632330</eastBL><northBL Sync="TRUE">40.944343</northBL><southBL Sync="TRUE">40.507759</southBL><exTypeCode Sync="TRUE">1</exTypeCode></GeoBndBox></geoEle></dataExt><geoBox esriExtentType="decdegrees"/><descKeys><thesaName uuidref="723f6998-058e-11dc-8314-0800200c9a66"/><keyword Sync="TRUE">002</keyword></descKeys><idPurp>Point locations of NYC Public Schools</idPurp><idAbs>&lt;DIV STYLE="text-align:Left;"&gt;&lt;DIV&gt;&lt;DIV&gt;&lt;P&gt;&lt;SPAN&gt;Point locations of NYC Public Schools&lt;/SPAN&gt;&lt;/P&gt;&lt;/DIV&gt;&lt;/DIV&gt;&lt;/DIV&gt;</idAbs><idCredit>NYC Department of Education,</idCredit><searchKeys><keyword>New York City</keyword><keyword>NYC</keyword><keyword>NYCDOE</keyword><keyword>School Locations</keyword><keyword>Elementary</keyword><keyword>Jr. High School</keyword><keyword>Middle School</keyword><keyword>Intermediate School</keyword><keyword>High School</keyword><keyword>Schools</keyword><keyword>K-12</keyword><keyword>Public Schools</keyword><keyword>2011-2012</keyword></searchKeys><themeKeys><keyword>Education</keyword></themeKeys><themeKeys><keyword>Schools</keyword></themeKeys><themeKeys><keyword>K-12 Schools</keyword></themeKeys><themeKeys><keyword>Scool Locations</keyword></themeKeys><placeKeys><keyword>New York City</keyword></placeKeys><tempKeys><keyword>2011-2012 School Year</keyword></tempKeys><idPoC><rpIndName>Jim Hall</rpIndName><rpOrgName>New York City Department of Education</rpOrgName><rpPosName>GIS Programmer Analyst</rpPosName><rpCntInfo><cntAddress><eMailAdd>jhall@schools.nyc.gov</eMailAdd></cntAddress></rpCntInfo><role><RoleCd value="007"/></role></idPoC><resMaint><maintFreq><MaintFreqCd value="008"/></maintFreq><dateNext>7/1/2012 12:00:00 AM</dateNext><maintScp><ScopeCd value="009"/></maintScp><maintNote>Scheduled for update annually. Additional updates if provided for error correction or informational update.</maintNote></resMaint><resConst><Consts><useLimit>Data is intended for reference only. </useLimit></Consts></resConst><dataLang><languageCode value="en" country="US"/></dataLang><idCitation><presForm><PresFormCd value="005"/></presForm><date><createDate>20110818</createDate></date><resEd>A</resEd><citRespParty><rpIndName>Jim Hall</rpIndName><rpOrgName>NYC Department of Education</rpOrgName><rpPosName>GIS Programmer Analyst</rpPosName><rpCntInfo><cntAddress><eMailAdd>jhall@schools.nyc.gov</eMailAdd></cntAddress></rpCntInfo><role><RoleCd value="007"/></role></citRespParty><resTitle Sync="TRUE">Public_Schools_Points_2011-2012A</resTitle></idCitation><spatRpType><SpatRepTypCd value="001"/></spatRpType><envirDesc Sync="TRUE">Microsoft Windows XP Version 5.1 (Build 2600) Service Pack 3; ESRI ArcGIS 10.0.0.2414</envirDesc><tpCat><TopicCatCd value="016"/></tpCat><tpCat><TopicCatCd value="017"/></tpCat></dataIdInfo><mdMaint><maintFreq><MaintFreqCd value="008"/></maintFreq><dateNext>7/1/2012 12:00:00 AM</dateNext><maintScp><ScopeCd value="009"/></maintScp><upScpDesc><attribSet>Sch_Zone, DBN, Remarks</attribSet></upScpDesc><maintNote>Scheduled for update annually. Additional updates if provided for error correction or informational update.</maintNote></mdMaint><mdConst><Consts><useLimit>Data is intended for reference only.</useLimit></Consts></mdConst><dqInfo><dqScope><scpLvl><ScopeCd value="009"/></scpLvl></dqScope><dqReport type="DQTempValid"><measDesc>Data is valid for the NYC School Year of 2011-2012</measDesc><measName>School Year</measName><measDateTm>20110701</measDateTm><measDateTm>20120630</measDateTm></dqReport><dataLineage><statement>Derived from data representing the 2010-2011 School Year</statement><dataSource editorFillOnly="True"><srcDesc>NYC Department of Education</srcDesc></dataSource><prcStep editorFillOnly="True"/></dataLineage></dqInfo><spatRepInfo><VectSpatRep><geometObjs Name="ES_Zones"><geoObjTyp><GeoObjTypCd value="004"/><geoObjCnt Sync="TRUE">1709</geoObjCnt></geoObjTyp></geometObjs><topLvl><TopoLevCd value="001"/></topLvl></VectSpatRep></spatRepInfo><refSysInfo><RefSystem><refSysID><identCode code="2263"/><idCodeSpace Sync="TRUE">EPSG</idCodeSpace><idVersion Sync="TRUE">7.4.1</idVersion></refSysID></RefSystem></refSysInfo><mdHrLvName Sync="TRUE">dataset</mdHrLvName><spdoinfo><ptvctinf><esriterm Name="Public_Schools_Points_2011-2012A"><efeatyp Sync="TRUE">Simple</efeatyp><efeageom Sync="TRUE">1</efeageom><esritopo Sync="TRUE">FALSE</esritopo><efeacnt Sync="TRUE">1709</efeacnt><spindex Sync="TRUE">TRUE</spindex><linrefer Sync="TRUE">FALSE</linrefer></esriterm></ptvctinf></spdoinfo><eainfo><detailed Name="Public_Schools_Points_2011-2012A"><enttyp><enttypl Sync="TRUE">Public_Schools_Points_2011-2012A</enttypl><enttypt Sync="TRUE">Feature Class</enttypt><enttypc Sync="TRUE">1709</enttypc></enttyp><attr><attrlabl Sync="TRUE">FID</attrlabl><attalias Sync="TRUE">FID</attalias><attrtype Sync="TRUE">OID</attrtype><attwidth Sync="TRUE">4</attwidth><atprecis Sync="TRUE">0</atprecis><attscale Sync="TRUE">0</attscale><attrdef Sync="TRUE">Internal feature number.</attrdef><attrdefs Sync="TRUE">ESRI</attrdefs><attrdomv><udom Sync="TRUE">Sequential unique whole numbers that are automatically generated.</udom></attrdomv></attr><attr><attrlabl Sync="TRUE">Shape</attrlabl><attalias Sync="TRUE">Shape</attalias><attrtype Sync="TRUE">Geometry</attrtype><attwidth Sync="TRUE">0</attwidth><atprecis Sync="TRUE">0</atprecis><attscale Sync="TRUE">0</attscale><attrdef Sync="TRUE">Feature geometry.</attrdef><attrdefs Sync="TRUE">ESRI</attrdefs><attrdomv><udom Sync="TRUE">Coordinates defining the features.</udom></attrdomv></attr><attr><attrlabl Sync="TRUE">ATS_CODE</attrlabl><attalias Sync="TRUE">ATS_CODE</attalias><attrtype Sync="TRUE">String</attrtype><attwidth Sync="TRUE">26</attwidth><atprecis Sync="TRUE">0</atprecis><attscale Sync="TRUE">0</attscale><attrdef>Commonly known as DBN (District, Borough, Number) </attrdef><attrdefs>DOE's ATS Database</attrdefs><attrdomv><edom editorFillOnly="True"><edomv>84@###</edomv><edomvd>84 identifies the school as a Charter School and is not the actual Geographic District</edomvd></edom><rdom editorFillOnly="True"/><codesetd editorFillOnly="True"/></attrdomv></attr><attr><attrlabl Sync="TRUE">BORO</attrlabl><attalias Sync="TRUE">BORO</attalias><attrtype Sync="TRUE">String</attrtype><attwidth Sync="TRUE">20</attwidth><atprecis Sync="TRUE">0</atprecis><attscale Sync="TRUE">0</attscale><attrdomv><edom editorFillOnly="True"/><rdom editorFillOnly="True"/><codesetd editorFillOnly="True"/></attrdomv></attr><attr><attrlabl Sync="TRUE">BORONUM</attrlabl><attalias Sync="TRUE">BORONUM</attalias><attrtype Sync="TRUE">Double</attrtype><attwidth Sync="TRUE">19</attwidth><atprecis Sync="TRUE">19</atprecis><attscale Sync="TRUE">0</attscale><attrdomv><edom editorFillOnly="True"/><rdom editorFillOnly="True"/><codesetd editorFillOnly="True"/></attrdomv></attr><attr><attrlabl Sync="TRUE">LOC_CODE</attrlabl><attalias Sync="TRUE">LOC_CODE</attalias><attrtype Sync="TRUE">String</attrtype><attwidth Sync="TRUE">13</attwidth><atprecis Sync="TRUE">0</atprecis><attscale Sync="TRUE">0</attscale><attrdef>DOE Internal reference unique reference code</attrdef><attrdefs>DOE's LCGMS Database</attrdefs><attrdomv><edom editorFillOnly="True"/><rdom editorFillOnly="True"/><codesetd editorFillOnly="True"/></attrdomv></attr><attr><attrlabl Sync="TRUE">SCHOOLNAME</attrlabl><attalias Sync="TRUE">SCHOOLNAME</attalias><attrtype Sync="TRUE">String</attrtype><attwidth Sync="TRUE">61</attwidth><atprecis Sync="TRUE">0</atprecis><attscale Sync="TRUE">0</attscale><attrdomv><edom editorFillOnly="True"/><rdom editorFillOnly="True"/><codesetd editorFillOnly="True"/></attrdomv></attr><attr><attrlabl Sync="TRUE">SCH_TYPE</attrlabl><attalias Sync="TRUE">SCH_TYPE</attalias><attrtype Sync="TRUE">String</attrtype><attwidth Sync="TRUE">31</attwidth><atprecis Sync="TRUE">0</atprecis><attscale Sync="TRUE">0</attscale><attrdomv><edom editorFillOnly="True"/><rdom editorFillOnly="True"/><codesetd editorFillOnly="True"/></attrdomv></attr><attr><attrlabl Sync="TRUE">MANAGED_BY</attrlabl><attalias Sync="TRUE">MANAGED_BY</attalias><attrtype Sync="TRUE">Double</attrtype><attwidth Sync="TRUE">14</attwidth><atprecis Sync="TRUE">14</atprecis><attscale Sync="TRUE">0</attscale><attrdef>1 = DOE, 2 = Charter</attrdef><attrdomv><edom editorFillOnly="True"/><rdom editorFillOnly="True"/><codesetd editorFillOnly="True"/></attrdomv></attr><attr><attrlabl Sync="TRUE">GEO_DISTRI</attrlabl><attalias Sync="TRUE">GEO_DISTRI</attalias><attrtype Sync="TRUE">Double</attrtype><attwidth Sync="TRUE">10</attwidth><atprecis Sync="TRUE">10</atprecis><attscale Sync="TRUE">0</attscale><attrdomv><edom editorFillOnly="True"/><rdom editorFillOnly="True"/><codesetd editorFillOnly="True"/></attrdomv></attr><attr><attrlabl Sync="TRUE">ADMIN_DIST</attrlabl><attalias Sync="TRUE">ADMIN_DIST</attalias><attrtype Sync="TRUE">Double</attrtype><attwidth Sync="TRUE">12</attwidth><atprecis Sync="TRUE">12</atprecis><attscale Sync="TRUE">0</attscale><attrdomv><edom editorFillOnly="True"/><rdom editorFillOnly="True"/><codesetd editorFillOnly="True"/></attrdomv></attr><attr><attrlabl Sync="TRUE">ADDRESS</attrlabl><attalias Sync="TRUE">ADDRESS</attalias><attrtype Sync="TRUE">String</attrtype><attwidth Sync="TRUE">37</attwidth><atprecis Sync="TRUE">0</atprecis><attscale Sync="TRUE">0</attscale><attrdef>Address of Primary Location for the School</attrdef><attrdomv><edom editorFillOnly="True"/><rdom editorFillOnly="True"/><codesetd editorFillOnly="True"/></attrdomv></attr><attr><attrlabl Sync="TRUE">STATE_CODE</attrlabl><attalias Sync="TRUE">STATE_CODE</attalias><attrtype Sync="TRUE">String</attrtype><attwidth Sync="TRUE">13</attwidth><atprecis Sync="TRUE">0</atprecis><attscale Sync="TRUE">0</attscale><attrdomv><edom editorFillOnly="True"/><rdom editorFillOnly="True"/><codesetd editorFillOnly="True"/></attrdomv></attr><attr><attrlabl Sync="TRUE">ZIP</attrlabl><attalias Sync="TRUE">ZIP</attalias><attrtype Sync="TRUE">Double</attrtype><attwidth Sync="TRUE">10</attwidth><atprecis Sync="TRUE">10</atprecis><attscale Sync="TRUE">0</attscale><attrdomv><edom editorFillOnly="True"/><rdom editorFillOnly="True"/><codesetd editorFillOnly="True"/></attrdomv></attr><attr><attrlabl Sync="TRUE">PRINCIPAL</attrlabl><attalias Sync="TRUE">PRINCIPAL</attalias><attrtype Sync="TRUE">String</attrtype><attwidth Sync="TRUE">27</attwidth><atprecis Sync="TRUE">0</atprecis><attscale Sync="TRUE">0</attscale><attrdomv><edom editorFillOnly="True"/><rdom editorFillOnly="True"/><codesetd editorFillOnly="True"/></attrdomv></attr><attr><attrlabl Sync="TRUE">PRIN_PH</attrlabl><attalias Sync="TRUE">PRIN_PH</attalias><attrtype Sync="TRUE">String</attrtype><attwidth Sync="TRUE">24</attwidth><atprecis Sync="TRUE">0</atprecis><attscale Sync="TRUE">0</attscale><attrdomv><edom editorFillOnly="True"/><rdom editorFillOnly="True"/><codesetd editorFillOnly="True"/></attrdomv></attr><attr><attrlabl Sync="TRUE">FAX</attrlabl><attalias Sync="TRUE">FAX</attalias><attrtype Sync="TRUE">String</attrtype><attwidth Sync="TRUE">13</attwidth><atprecis Sync="TRUE">0</atprecis><attscale Sync="TRUE">0</attscale><attrdomv><edom editorFillOnly="True"/><rdom editorFillOnly="True"/><codesetd editorFillOnly="True"/></attrdomv></attr><attr><attrlabl Sync="TRUE">GRADES</attrlabl><attalias Sync="TRUE">GRADES</attalias><attrtype Sync="TRUE">String</attrtype><attwidth Sync="TRUE">70</attwidth><atprecis Sync="TRUE">0</atprecis><attscale Sync="TRUE">0</attscale><attrdomv><edom editorFillOnly="True"/><rdom editorFillOnly="True"/><codesetd editorFillOnly="True"/></attrdomv></attr><attr><attrlabl Sync="TRUE">City</attrlabl><attalias Sync="TRUE">City</attalias><attrtype Sync="TRUE">String</attrtype><attwidth Sync="TRUE">50</attwidth><atprecis Sync="TRUE">0</atprecis><attscale Sync="TRUE">0</attscale><attrdomv><edom editorFillOnly="True"/><rdom editorFillOnly="True"/><codesetd editorFillOnly="True"/></attrdomv></attr></detailed></eainfo><mdDateSt Sync="TRUE">20110826</mdDateSt></metadata>
